{"cameraMode":{"drawMode":0,"name":"Shaded","section":"Shading Mode"},"sceneLighting":true,"audioPlay":false,"sceneViewState":{"m_AlwaysRefresh":false,"showFog":true,"showSkybox":true,"showFlares":true,"showImageEffects":true,"showParticleSystems":true,"showVisualEffectGraphs":true,"m_FxEnabled":true},"in2DMode":false,"pivot":{"x":-0.38467225432395937,"y":1.3521021604537964,"z":0.8091236352920532},"rotation":{"x":0.05793452262878418,"y":-0.8850501179695129,"z":0.11521615833044052,"w":0.44751590490341189},"size":0.5660253763198853,"orthographic":false}