{"cameraMode":{"drawMode":0,"name":"Shaded","section":"Shading Mode"},"sceneLighting":false,"audioPlay":false,"sceneViewState":{"m_AlwaysRefresh":false,"showFog":true,"showSkybox":false,"showFlares":true,"showImageEffects":true,"showParticleSystems":true,"showVisualEffectGraphs":true,"m_FxEnabled":true},"in2DMode":false,"pivot":{"x":0.07507345080375672,"y":1.1356889009475709,"z":0.3870876431465149},"rotation":{"x":0.5490029454231262,"y":-0.15320149064064027,"z":0.10396578162908554,"w":0.815205991268158},"size":0.9392210841178894,"orthographic":false}