{"cameraMode":{"drawMode":0,"name":"Shaded","section":"Shading Mode"},"sceneLighting":false,"audioPlay":false,"sceneViewState":{"m_AlwaysRefresh":false,"showFog":true,"showSkybox":false,"showFlares":true,"showImageEffects":true,"showParticleSystems":true,"showVisualEffectGraphs":true,"m_FxEnabled":true},"in2DMode":false,"pivot":{"x":542.339111328125,"y":207.4877166748047,"z":29.183876037597658},"rotation":{"x":0.00011992542567895725,"y":-0.9979434013366699,"z":0.0018055109540000558,"w":0.06419164687395096},"size":210.5877227783203,"orthographic":false}