{"cameraMode":{"drawMode":0,"name":"Shaded","section":"Shading Mode"},"sceneLighting":false,"audioPlay":false,"sceneViewState":{"m_AlwaysRefresh":false,"showFog":true,"showSkybox":false,"showFlares":true,"showImageEffects":true,"showParticleSystems":true,"showVisualEffectGraphs":true,"m_FxEnabled":true},"in2DMode":false,"pivot":{"x":-0.43996018171310427,"y":1.5215166807174683,"z":4.468164443969727},"rotation":{"x":0.2607306241989136,"y":-0.06088143214583397,"z":0.0167818795889616,"w":0.9634580612182617},"size":0.9769340753555298,"orthographic":false}